Beatrice McGee,35,Ijeifih,12757,BLUE,(970) 398-8694,Female
Wesley French,27,Cifricta,53036,YELLOW,(352) 233-3381,Male
Mary McDaniel,54,Namorhu,60813,GREEN,(312) 642-1340,Male
Clara Cruz,19,Savubu,93941,YELLOW,(311) 216-5618,Male
Billy Murphy,60,Laaktol,17642,WHITE,(419) 289-6944,Female
Abbie Parks,25,Izirumko,67605,BLUE,(579) 847-8734,Male
Nelle Bowen,54,Zeakacus,38132,WHITE,(405) 857-6773,Female
Kenneth Hart,43,Dictiwlo,44731,RED,(551) 616-3929,Male
Clifford Bradley,18,Vatkadeg,15511,RED,(363) 979-8658,Female
Walter Franklin,36,Hozajtud,30630,GREEN,(577) 929-5620,Female
Mable Haynes,26,Hiwvatar,19003,WHITE,(336) 416-1727,Male
Myrtle Boone,47,Tuimovu,38293,RED,(811) 208-6123,Male
Curtis Powell,33,Otimujluv,62301,GREEN,(702) 527-4318,Male
Lina Simmons,24,Enlupob,91229,GREEN,(228) 879-5898,Female
Daisy Day,45,Falzegwu,46005,RED,(810) 643-3856,Male
Gilbert Christensen,47,Kaikiv,45180,RED,(559) 350-3033,Female
Derek Patterson,39,Ivuladug,54646,RED,(631) 509-8973,Female
Garrett Owens,26,Siljafgag,32377,RED,(369) 336-1893,Female
Paul Caldwell,52,Kocjafo,15758,BLUE,(421) 502-8276,Male
Vincent Gilbert,53,Dajtuhbe,34922,YELLOW,(751) 881-5035,Male
Sadie Smith,24,Egevapo,23358,WHITE,(434) 658-3370,Male
Katherine Turner,51,Azemige,40107,YELLOW,(231) 288-6594,Male
Christian Patterson,34,Awosesaz,72218,YELLOW,(535) 554-6554,Female
Jerome Stevenson,52,Omifogtik,47482,GREEN,(886) 813-5755,Female
Nell Chandler,20,Efnuba,62996,GREEN,(787) 673-8536,Male
Cameron Banks,49,Ikasaibu,03482,BLUE,(756) 887-4733,Male
Mamie Anderson,50,Lehedida,58737,GREEN,(986) 401-1080,Male
Justin Lucas,19,Obhaaw,60694,RED,(419) 264-9757,Male
Milton Bates,51,Itiumwo,63547,GREEN,(819) 784-6262,Male
Sean Meyer,25,Wehikpen,41615,YELLOW,(788) 645-2320,Male
Carolyn Higgins,18,Darbopdab,44606,YELLOW,(535) 534-3135,Female
Lois Chambers,33,Rizhafab,29323,BLUE,(229) 600-7684,Female
Chad Carlson,20,Jesisaj,04508,RED,(431) 784-6609,Female
Sallie Obrien,45,Mowvupte,75170,YELLOW,(936) 843-6350,Female
Isaiah McCarthy,30,Majlinci,22921,BLUE,(789) 586-8173,Male
Daniel Delgado,41,Zalesfe,06775,WHITE,(759) 685-6011,Female
Emma Schultz,58,Resevlu,32361,YELLOW,(776) 526-6704,Male
Howard Marsh,56,Bapilmaw,21259,BLUE,(682) 538-1594,Female
Mildred Curry,58,Eveezuse,46255,RED,(979) 326-2332,Male
Adele McCarthy,29,Wokagti,68605,GREEN,(869) 930-5176,Female
Dora Gibbs,36,Rejunru,27268,GREEN,(431) 411-1593,Male
Mayme Adkins,32,Eruwufo,55621,RED,(306) 563-9508,Male
Jared Cole,45,Gubtonom,77392,RED,(631) 739-1768,Male
Matthew Hoffman,43,Cefvehjip,96693,YELLOW,(504) 850-6178,Female
Ora Doyle,41,Dirojnu,13747,WHITE,(914) 205-2623,Male
Rose Watkins,22,Pedvani,02851,YELLOW,(348) 749-8815,Male
Darrell Frazier,41,Kokirjis,29469,BLUE,(422) 878-9588,Female
Cameron Ferguson,65,Coehavo,20262,YELLOW,(764) 382-1761,Male
Georgie Hanson,57,Wovodwez,18699,WHITE,(771) 635-5127,Female
Jerome James,20,Polauta,86181,GREEN,(418) 260-2373,Female
Warren Mullins,37,Ruwahi,09922,WHITE,(485) 321-7134,Female
Cory Adams,56,Jaetrom,09422,WHITE,(250) 520-8292,Female
Dennis Kennedy,57,Getezcod,86268,YELLOW,(850) 752-7183,Female
Birdie Figueroa,37,Habuhul,13191,WHITE,(470) 271-2644,Male
Bradley Berry,18,Capgeju,29853,BLUE,(857) 231-4663,Female
Ivan Ortega,52,Depmofu,39418,WHITE,(724) 470-6974,Female
Violet Matthews,55,Menoeri,40573,BLUE,(310) 760-9306,Male
Cory Graham,54,Gorkuofe,86561,BLUE,(479) 841-5156,Male
Victor Lucas,18,Erudozcug,98971,GREEN,(505) 640-4720,Male
Nora Hamilton,48,Zebaberi,68458,RED,(224) 998-7195,Female
Bill Long,55,Boticdoz,88560,GREEN,(646) 873-3315,Male
Bertha Watkins,40,Bakize,34807,RED,(418) 715-8257,Female
Chad Owens,25,Setkupe,01530,RED,(308) 319-9461,Female
Virgie Richards,39,Johwojwic,11552,YELLOW,(411) 769-8632,Male
Luella Fox,46,Sohjonhe,20462,RED,(925) 741-2766,Male
Elva Rogers,41,Rurwegimi,81793,GREEN,(473) 998-2586,Female
Elmer Wong,27,Wilodhim,19687,WHITE,(282) 584-8479,Female
Howard Howard,31,Solenag,11177,GREEN,(453) 747-1664,Male
Cameron Harmon,54,Dibuveb,46310,GREEN,(761) 542-2810,Male
Andrew Ryan,53,Jijwedkan,89759,YELLOW,(586) 732-9496,Female
Flora Garcia,24,Himvofjo,26596,GREEN,(539) 645-8865,Female
Bruce Garrett,50,Tejilmuk,97786,WHITE,(932) 435-7064,Male
Mark Riley,43,Akoweriv,13751,WHITE,(985) 762-6464,Male
Herman Reid,22,Piteho,59408,BLUE,(816) 875-5792,Female
Clayton McGee,56,Akurabov,47422,YELLOW,(902) 753-5345,Female
Max Luna,62,Mifvavzep,66762,BLUE,(565) 849-8762,Male
Johanna Logan,39,Jiwotoh,17340,WHITE,(847) 438-3161,Male
Estelle Reese,62,Obipilaz,53126,GREEN,(326) 234-8333,Male
Sarah Moreno,36,Lirekoru,04371,BLUE,(281) 982-4477,Female
Lida Hayes,25,Fubapo,97387,BLUE,(511) 359-2305,Female
Ricardo Valdez,64,Zewdokub,08493,YELLOW,(320) 376-6842,Female
Delia Fowler,52,Lodkemtu,39543,RED,(558) 826-2959,Male
Claudia Patton,48,Ipgawej,49654,WHITE,(742) 812-9808,Male
Chad Potter,56,Wewavig,29840,BLUE,(223) 940-4473,Female
Dorothy Johnson,43,Lajolal,49984,YELLOW,(313) 454-8114,Female
Clara Harmon,61,Ibwubnuv,40921,YELLOW,(964) 296-7192,Male
Hulda Jensen,48,Odniphab,89233,BLUE,(824) 494-1816,Female
Mabel Byrd,32,Gifvidja,31479,YELLOW,(510) 544-5926,Male
Chris Bowers,54,Ipakde,71333,WHITE,(725) 429-8903,Female
Micheal King,41,Sukkabwim,83863,YELLOW,(310) 544-6252,Male
Scott Wallace,26,Omcizfep,31884,RED,(216) 419-7618,Female
Lou Carpenter,29,Tafweago,19535,YELLOW,(989) 268-3557,Female
Amy Taylor,58,Mozevfik,62063,YELLOW,(363) 439-5033,Female
Lewis Hill,29,Wabnowi,46255,GREEN,(240) 574-2491,Female
Lucile Carr,56,Ecaruzob,31396,WHITE,(278) 208-8661,Female
Louisa Coleman,36,Imwaab,98035,WHITE,(744) 665-9482,Female
Alfred Moody,30,Fatuka,77183,RED,(465) 569-6099,Male
Victoria Nelson,24,Razifag,78481,WHITE,(432) 483-7832,Female
Allen Wilkerson,22,Rumite,90540,GREEN,(935) 595-8646,Male
Lloyd Rivera,31,Wesubzef,01569,YELLOW,(409) 599-1155,Female
Alan Morton,28,Ukcomoj,79133,BLUE,(819) 348-2663,Male
Lydia Pittman,38,Ciajacuj,60091,GREEN,(640) 453-1615,Female
Ida Moss,26,Ibecice,65832,GREEN,(444) 655-5598,Male
Mark Leonard,57,Regriva,75547,WHITE,(344) 669-3821,Male
Estelle Vega,38,Hopufazo,47098,RED,(924) 585-6425,Male
Mittie McCormick,26,Hefvoled,63579,YELLOW,(959) 514-6092,Male
Leila Delgado,53,Fewumpo,55683,RED,(421) 264-8706,Female
Eugene Phelps,56,Cohudi,02236,WHITE,(713) 930-5711,Female
Marcus Fernandez,20,Ifbazaj,91041,YELLOW,(708) 618-2372,Male
Lucy Parker,43,Satipe,32599,GREEN,(358) 709-2046,Female
Laura Warren,65,Zeppoke,64575,GREEN,(653) 958-3194,Female
Isaiah Sandoval,21,Joihfan,44616,RED,(379) 794-8035,Male
Carrie Sherman,49,Iwoazpup,89999,BLUE,(976) 434-5504,Female
Lawrence Moody,25,Asgapa,40365,GREEN,(201) 781-1160,Male
Bryan Allison,18,Pifkatis,44742,GREEN,(936) 716-3832,Male
Rena Fowler,53,Faihufe,55662,YELLOW,(466) 534-3373,Male
Lilly Roberson,42,Wikkewfip,34232,GREEN,(613) 236-9702,Female
Bernice Larson,18,Jorfabfo,37871,RED,(861) 505-9510,Female
Jacob Richardson,51,Wiedoro,74247,RED,(844) 937-4438,Male
Lela Walsh,45,Nigjuzsu,51307,RED,(904) 567-2871,Female
Garrett Jackson,18,Jawnihhut,11383,RED,(684) 431-3990,Male
Oscar Goodwin,40,Wodgile,89965,BLUE,(462) 910-7569,Female
Ruth Newman,63,Nibekip,33335,GREEN,(360) 450-5438,Female
Sophie Jenkins,34,Nufzeal,06102,RED,(935) 598-3646,Female
Jason Dixon,47,Ekgewkod,17567,BLUE,(621) 449-9909,Female
Josie Fields,45,Johkutgo,34098,WHITE,(389) 420-4939,Female
Micheal Gibbs,55,Jugopemeh,23014,RED,(374) 520-9035,Female
Manuel Chapman,26,Onpese,89327,BLUE,(466) 294-5800,Female
Violet Lynch,31,Nezoehe,58397,RED,(759) 524-7394,Male
Albert Miles,51,Gutwojofu,30866,BLUE,(223) 516-4358,Female
Violet Jones,24,Kueviuga,02150,GREEN,(535) 381-4632,Male
Joshua Morrison,57,Imotasdol,99516,GREEN,(252) 805-9230,Male
Leonard Strickland,54,Mitwewij,06442,GREEN,(929) 567-3667,Female
Bruce Warner,62,Hosritzo,09653,GREEN,(867) 986-3560,Female
Ellen Burgess,52,Otaolojab,22491,GREEN,(611) 909-4111,Male
Ian Guerrero,58,Nujoga,49210,WHITE,(787) 347-8695,Female
Minnie Martin,23,Ziovoere,27234,GREEN,(864) 508-4513,Female
Josie Woods,42,Ahigahu,00078,BLUE,(363) 774-2441,Male
Lina Gill,24,Vugoah,43807,BLUE,(471) 485-7872,Female
Carolyn Lane,46,Ditcopig,17973,YELLOW,(456) 729-6373,Male
Sophie Bass,24,Gobwawgi,31817,GREEN,(207) 988-5914,Male
Marian Watkins,23,Apzuge,35044,YELLOW,(719) 742-5518,Female
Richard Sparks,21,Fucecbil,03634,RED,(936) 981-2984,Female
Elizabeth Miles,45,Dirlibwi,41161,BLUE,(888) 989-7622,Female
Fannie Hoffman,63,Cobovit,85870,YELLOW,(517) 606-6074,Male
Rosetta Cain,50,Holgiika,59438,WHITE,(479) 689-8335,Female
Gussie Burke,48,Cizjowut,63174,GREEN,(346) 513-4348,Male
Samuel Sanders,63,Nezmumsi,82534,YELLOW,(344) 516-8341,Male
Rosetta Fox,50,Devlirje,56150,BLUE,(961) 239-8544,Male
Lillian Collins,43,Iredicaj,99691,GREEN,(941) 567-7237,Male
Lena Wilkins,33,Rucijuub,07215,GREEN,(340) 400-5323,Male
Leah Wilkins,56,Inuetuwed,10735,BLUE,(957) 395-9089,Female
Steven Singleton,61,Gulunmev,62772,BLUE,(853) 652-2566,Male
Jeanette Hopkins,33,Kacfiltu,99423,BLUE,(907) 653-7549,Male
Josie Nichols,46,Vobrutit,38616,GREEN,(230) 484-8544,Female
Raymond Chavez,41,Banevi,42868,GREEN,(862) 542-5488,Male
Jerome Cain,36,Opfunu,53832,YELLOW,(710) 369-7062,Male
Carrie Dennis,49,Upcirwap,62822,BLUE,(672) 650-9158,Female
Kevin Meyer,29,Getobam,46080,RED,(962) 651-1903,Male
Edith Brady,22,Dorahdel,59812,BLUE,(711) 511-8062,Female
Theresa Moss,27,Hisgizu,40340,BLUE,(530) 441-9678,Male
Gerald Olson,38,Zodmiilu,35644,RED,(862) 949-2794,Female
Juan Figueroa,55,Moamifud,99222,RED,(870) 858-8731,Male
Bradley Silva,56,Ecgujek,99287,GREEN,(764) 850-7151,Female
Ella Griffin,65,Kedakas,18317,BLUE,(648) 272-7044,Female
Henrietta Garrett,21,Cuahuno,78771,RED,(360) 524-3970,Female
Winifred McKinney,23,Ijababij,49173,GREEN,(752) 873-3490,Female
Ola Buchanan,44,Etciged,66409,WHITE,(783) 500-4811,Male
Violet Rice,27,Reujoji,73800,WHITE,(636) 282-4140,Female
Edwin Wells,32,Ocrace,62324,WHITE,(965) 624-2625,Female
Julia Fisher,19,Igadihra,12454,BLUE,(952) 405-8139,Male
Bettie Greene,50,Ciruvi,01751,RED,(227) 750-9679,Female
Micheal Hopkins,18,Hewemi,06482,GREEN,(605) 740-5526,Female
Lily Porter,20,Ralbevwi,13364,YELLOW,(862) 593-2089,Male
Della Leonard,36,Motahab,57966,RED,(325) 279-4307,Female
Lily Hart,24,Feemoze,34005,WHITE,(486) 880-7793,Female
Cecelia Parsons,19,Derumaw,62965,WHITE,(715) 852-7034,Male
Edgar Wilson,62,Capace,46873,YELLOW,(840) 842-8467,Female
Johanna Alexander,61,Ubeipehi,72971,WHITE,(352) 567-6978,Male
Lois Brown,29,Badrivuv,93247,WHITE,(585) 349-2167,Female
Glen Webster,30,Hamivak,34180,YELLOW,(739) 831-6074,Male
Peter Swanson,23,Icisafic,27790,GREEN,(753) 654-4951,Female
Marcus Fields,42,Ifekacpig,24258,YELLOW,(866) 683-4728,Female
Joshua Green,30,Hukcukof,96892,YELLOW,(406) 615-1985,Male
Bessie Little,29,Sasigca,93224,GREEN,(646) 214-3237,Male
Curtis Sandoval,38,Maidinoc,14014,RED,(380) 772-1378,Male
Elva Clark,36,Leclaon,80268,YELLOW,(336) 540-8170,Female
Claudia Boyd,45,Kibhewa,81420,WHITE,(533) 362-5777,Male
Mike Walsh,24,Bafotub,92431,RED,(746) 730-7284,Female
Mayme Jordan,28,Sewlumug,58522,RED,(921) 809-4910,Female
Lulu Harrison,43,Wupukjen,58420,WHITE,(958) 885-9110,Male
Eugene Maxwell,64,Folugi,17518,BLUE,(561) 277-1115,Male
Gussie Martin,30,Posedes,32542,BLUE,(238) 363-4044,Male
Emily Weber,30,Uhikuvdo,54846,GREEN,(378) 904-8565,Female
Dorothy Potter,34,Movkiza,77891,GREEN,(379) 625-1504,Male
Robert Hanson,29,Paptezec,47642,GREEN,(635) 286-7241,Female
Raymond Williamson,57,Fehesur,89681,YELLOW,(510) 282-3558,Male
Ella George,27,Gocimij,96231,YELLOW,(803) 885-3874,Female
Willie Hammond,52,Firrewgu,74756,WHITE,(286) 999-3857,Female
Joel Scott,63,Zejamdi,41816,YELLOW,(255) 454-5560,Male
Earl Fitzgerald,18,Fipjutag,79093,BLUE,(773) 378-6482,Male
Joshua Weber,52,Witefihu,12258,BLUE,(244) 956-7645,Female
Maurice Park,25,Gifahafug,38886,GREEN,(348) 647-6218,Female
Elijah Stone,39,Acilini,43380,BLUE,(203) 875-9237,Male
Hulda Elliott,24,Vuozefib,04633,RED,(729) 936-1462,Female
Rena Clark,45,Zeshornol,41204,GREEN,(863) 466-2592,Male
Lee Blair,48,Zupnebar,61792,WHITE,(862) 372-4750,Male
Vernon Warren,30,Mawiguv,76277,RED,(941) 300-8800,Female
Eric Butler,47,Kofpihju,16535,GREEN,(581) 352-7534,Male
Beulah Harris,53,Decugit,56089,WHITE,(742) 353-8477,Male
Bernard Sutton,51,Fudgitogi,59642,YELLOW,(312) 321-6699,Male
Estelle Klein,48,Apkendi,14874,BLUE,(543) 937-8676,Male
Jay Lynch,45,Uhudofkom,10909,BLUE,(651) 480-8389,Female
Mason Davis,37,Dazkamaw,27247,WHITE,(750) 693-7485,Female
Lillian Coleman,49,Fofojwiw,99099,RED,(276) 437-9562,Female
Lina Bradley,18,Ajpede,05037,RED,(629) 917-7138,Female
Travis McCormick,61,Ihedeknoc,13907,BLUE,(526) 712-6483,Female
Martha Cain,49,Mutriki,58323,YELLOW,(485) 283-3471,Male
Isaac Lewis,22,Pagunko,99028,GREEN,(823) 256-3009,Male
Maria Simmons,18,Gudadim,81265,GREEN,(800) 280-6455,Female
Georgia Hammond,32,Bigisma,73717,WHITE,(787) 849-7559,Male
Brandon Powell,65,Lomvomu,65211,RED,(529) 274-7079,Male
Mitchell Perry,26,Higiha,08372,YELLOW,(388) 874-1305,Male
Edwin Hudson,26,Opeties,93797,WHITE,(665) 638-5530,Female
Julia Elliott,46,Miveiwi,96138,RED,(375) 570-3008,Male
Victor Miles,23,Camuju,93451,YELLOW,(342) 962-9997,Male
Warren Harrison,52,Uhuesidew,29009,WHITE,(539) 686-5174,Female
Jose Robinson,58,Nacosaegu,36267,BLUE,(687) 798-7829,Female
Nora Sandoval,31,Bosulu,92455,GREEN,(669) 742-2679,Female
Allie Garner,36,Bahzicul,37841,WHITE,(869) 478-5073,Female
Marguerite Pratt,47,Jolcucoda,94283,RED,(435) 308-4989,Male
Isaiah Sparks,45,Ruverov,99148,RED,(611) 895-5289,Male
Delia Chapman,26,Adizifgo,00003,YELLOW,(330) 587-5846,Female
Marian Ray,61,Ohuolaj,51325,GREEN,(728) 434-8034,Female
David Vargas,65,Mitulama,36226,WHITE,(331) 828-6227,Male
Ada Underwood,64,Cazsotidu,72787,WHITE,(613) 981-7818,Male
Isabelle Vega,52,Gehezewe,33474,GREEN,(584) 590-3277,Male
Mario Carter,45,Ofcasjes,73460,RED,(432) 279-5956,Male
Augusta Rowe,60,Vucvaovo,52222,WHITE,(357) 376-3737,Male
Stephen Griffith,48,Munotpit,56026,BLUE,(578) 324-2836,Male
Betty Wilkins,65,Ekvikgen,01791,GREEN,(366) 935-6464,Male
Jack Reid,57,Vowaro,43229,BLUE,(831) 766-4586,Female
Lilly Stokes,59,Afujawle,09278,RED,(538) 455-7691,Male
Leon Jordan,62,Baubgu,46585,RED,(571) 825-9373,Male
Lettie Houston,40,Udjero,39500,RED,(619) 490-9529,Female
Zachary Harrison,50,Vomemcu,18696,GREEN,(257) 263-5113,Female
Rebecca Douglas,33,Ozoodidu,77117,BLUE,(222) 698-4867,Male
Thomas Holloway,58,Gahjagpi,74009,WHITE,(909) 806-6719,Male
Myra Bowers,44,Ceneiz,50170,GREEN,(816) 853-5013,Female
Warren Pierce,49,Cevagu,01766,WHITE,(410) 973-7202,Female
George Fox,22,Mijuaz,07558,GREEN,(226) 450-4460,Male
Timothy Chapman,48,Ucetegu,68827,WHITE,(975) 210-1707,Male
Lloyd McCoy,43,Iltebazu,20234,RED,(748) 386-8604,Female
Kathryn Neal,26,Manjurin,89319,YELLOW,(302) 879-8987,Male
Rena Butler,28,Nivifivi,89477,RED,(653) 413-7051,Female
Mildred Bradley,65,Enzosi,12888,WHITE,(919) 998-4666,Male
Ida Turner,42,Nimfazeb,59075,GREEN,(824) 446-3003,Male
Maggie Nunez,46,Gopessil,33685,GREEN,(377) 939-4610,Male
Eliza Bennett,63,Vubhahdem,16496,WHITE,(565) 273-7487,Male
Franklin Moreno,59,Ovoruti,17092,RED,(327) 207-7695,Female
Isabel Robbins,47,Ciptotri,87122,YELLOW,(548) 316-5427,Male
Russell Guerrero,44,Rurape,63073,BLUE,(936) 595-7565,Female
Gene Yates,60,Unepwi,36325,WHITE,(734) 849-3476,Female
Dustin Briggs,64,Aztumfeb,59463,RED,(520) 266-4964,Male
Nora Evans,55,Weriku,35344,YELLOW,(325) 868-3007,Female
Leona Martin,24,Evvipa,27067,RED,(812) 655-8407,Male
Herbert Vega,61,Novmabiga,16797,GREEN,(227) 417-5602,Female
Rhoda Chambers,33,Pafihfet,91119,GREEN,(731) 487-8272,Female
Charlie Wallace,32,Ethiiwo,22983,BLUE,(228) 996-6972,Female
George Ramsey,25,Leruwec,58557,WHITE,(542) 551-4741,Female
Violet Chambers,53,Nuvegza,63830,YELLOW,(515) 992-9121,Female
Christine Joseph,51,Jonheril,68488,RED,(828) 814-2307,Male
Jessie Richards,40,Nomtolebu,79699,YELLOW,(508) 681-6895,Female
Rhoda Graham,36,Janafeibu,92312,RED,(240) 357-8364,Female
Katharine Clarke,65,Bukehsa,87554,WHITE,(475) 725-4293,Male
Gussie Webster,33,Tiszujo,27318,GREEN,(313) 529-5409,Female
Lizzie Gonzales,40,Olveva,54780,YELLOW,(417) 340-3172,Female
Myrtle Valdez,63,Padutwek,12503,YELLOW,(909) 315-2497,Female
Carlos Garner,49,Kozmodi,50180,YELLOW,(541) 700-7848,Male
Amanda Ward,53,Jobtosa,13722,WHITE,(806) 890-9679,Male
Lulu Patton,37,Limzajco,47427,RED,(235) 249-9219,Male
Edward Malone,55,Firravpoz,26838,GREEN,(832) 719-1317,Male
Alfred Harrington,23,Pipmewoz,60573,BLUE,(712) 266-2786,Male
Fannie Simpson,49,Leumofo,29440,BLUE,(572) 856-2466,Male
Trevor Keller,21,Rafeza,16528,GREEN,(340) 463-8610,Male
Francisco Mason,45,Zozokdo,57072,RED,(727) 455-3516,Female
Gregory Powell,30,Jaudumat,67424,BLUE,(704) 647-3312,Male
Mary Sullivan,33,Souwcip,88072,RED,(563) 762-8999,Female
Delia Adams,20,Useiswe,97340,RED,(242) 704-2015,Male
Tommy Ramos,28,Mihbasut,67070,RED,(640) 392-5998,Female
Isaac Henderson,33,Gusoton,85329,RED,(438) 326-2585,Male
Della Ramsey,20,Dubimage,52301,YELLOW,(777) 555-6230,Female
Rena Gill,40,Rufbakduk,66634,RED,(365) 735-3991,Male
Herbert Hayes,65,Feudnog,87704,YELLOW,(281) 554-1340,Male
Effie Payne,48,Ozipota,59875,BLUE,(648) 962-5417,Male
Hester Manning,46,Apaorovan,95254,BLUE,(620) 991-2324,Female
Birdie Chambers,44,Niputol,40739,YELLOW,(506) 810-9432,Female
Cora Ward,38,Fagunu,34754,YELLOW,(408) 217-9316,Male
Ann Gordon,55,Ipoelapo,85901,GREEN,(310) 200-1574,Male
Harvey Riley,25,Vohgoac,51542,YELLOW,(239) 996-4128,Male
Stella Thomas,42,Ikoriklo,12477,YELLOW,(814) 649-2348,Male
Lee Schneider,43,Elokiav,16908,RED,(217) 404-3628,Male
Myrtle Gomez,44,Nuhegosis,15228,WHITE,(362) 817-3224,Male
Timothy Carson,21,Zotfagnar,18730,RED,(481) 514-5713,Male
Jacob Harrington,49,Zusgighaw,35864,GREEN,(317) 848-8648,Male
Birdie Hammond,36,Hisotez,44610,BLUE,(978) 258-9815,Female
Cameron Francis,52,Jidzino,83993,BLUE,(632) 971-6681,Male
Jacob Manning,51,Ohvuli,54334,GREEN,(784) 672-1051,Female
Ryan Pena,56,Vuepite,20273,BLUE,(963) 356-9431,Female
Raymond Erickson,30,Gecifeve,83648,RED,(860) 753-5875,Male
Lloyd Patrick,48,Irkeve,70140,WHITE,(944) 799-6747,Male
William Thornton,28,Pucemo,04176,YELLOW,(280) 697-7148,Male
Melvin Stevenson,29,Rerabopuv,80078,GREEN,(603) 807-5012,Female
Garrett Morton,64,Wividad,36881,BLUE,(812) 674-2279,Female
Jayden Luna,26,Mosbujkof,70141,RED,(266) 609-3939,Female
Arthur Holland,40,Zuvokeka,83299,YELLOW,(758) 546-3403,Female
Paul Thomas,52,Pazure,71673,BLUE,(302) 279-4242,Male
Kevin Kelly,31,Zosiafa,46916,YELLOW,(657) 973-4209,Female
Genevieve Doyle,38,Ofbidap,62497,BLUE,(582) 770-2384,Male
Oscar Allen,25,Ujeepuuf,85774,RED,(468) 551-9192,Male
Josie Davidson,62,Bajufog,81659,GREEN,(424) 953-4999,Female
Nancy Daniel,49,Dafrebig,77764,WHITE,(543) 539-5542,Female
Joseph Myers,24,Sawwina,03832,YELLOW,(357) 758-3301,Female
Craig Anderson,37,Zefuwnas,24269,GREEN,(716) 529-6162,Female
Pearl Snyder,31,Fugjugket,37067,GREEN,(801) 547-6550,Female
Minerva Lindsey,32,Agizipok,18328,GREEN,(880) 581-3299,Male
Rosie Fox,57,Miuzara,64525,BLUE,(383) 503-2726,Female
Cecilia Steele,34,Ufkasze,15531,RED,(701) 828-1236,Male
Vincent Harrington,52,Dilvinmi,67263,YELLOW,(321) 221-6377,Male
Sally Nichols,28,Erwega,98716,RED,(931) 864-3565,Female
Norman Sharp,31,Suzusmo,88728,RED,(427) 266-3332,Female
Louisa Roberts,48,Tevtivoc,95913,RED,(932) 665-7638,Male
Jack Norton,19,Afcigo,58287,GREEN,(380) 618-1768,Female
Marcus Davis,42,Filoha,08697,YELLOW,(468) 647-7372,Female
Lucile Armstrong,44,Ecupaini,47408,YELLOW,(446) 613-1167,Female
Florence Hicks,31,Kehontuh,73490,YELLOW,(443) 961-6833,Male
Fanny Padilla,19,Gubriwge,94283,GREEN,(607) 800-4964,Female
Mina Watson,60,Kemoho,86498,WHITE,(201) 378-1457,Female
Charlotte Watson,58,Ohidisvu,34367,BLUE,(241) 642-6843,Female
Andrew Brewer,38,Fovimeg,53216,GREEN,(241) 784-8330,Female
Brett Bush,46,Duzeip,90149,WHITE,(632) 811-9049,Female
Dorothy Jones,53,Hinaslo,12912,BLUE,(757) 946-7175,Male
Ernest Morris,50,Gebbidgi,47165,GREEN,(961) 515-7038,Female
Cody Conner,49,Baujiwu,84120,YELLOW,(557) 422-2157,Male
Brent Arnold,42,Vanuwsu,36197,WHITE,(819) 322-5677,Male
Marion Tran,51,Keupepe,85978,GREEN,(933) 350-8440,Female
Jorge Abbott,23,Ohzavse,65580,WHITE,(449) 284-8988,Male
Ryan Meyer,42,Rokucvet,37163,RED,(700) 350-4357,Female
Ellen Bryant,36,Samceba,27640,GREEN,(617) 207-9035,Male
Alfred Kennedy,54,Reicagil,54556,GREEN,(580) 459-9027,Female
Harold Fuller,29,Owerobtot,97090,RED,(848) 525-8949,Male
Lloyd Roberts,29,Ulobatop,51782,YELLOW,(538) 984-3035,Female
Johnny Peters,27,Sasunepif,76356,BLUE,(215) 456-6449,Male
Carl Cannon,33,Enanecuw,69394,WHITE,(940) 932-9812,Female
Minnie Lambert,34,Nukeco,78110,YELLOW,(706) 519-6019,Male
Barbara George,36,Tagikuz,69597,GREEN,(731) 664-5314,Female
Stella Cox,28,Botdioca,66446,WHITE,(682) 971-2903,Male
Victoria Walsh,46,Niptajim,33866,RED,(358) 392-7548,Male
Sallie Patrick,55,Dekotlog,66739,YELLOW,(778) 778-4179,Male
Garrett Frank,29,Vulnubje,24246,WHITE,(387) 352-8816,Female
Randall Gross,22,Gallefa,02683,GREEN,(549) 284-8898,Female
Leroy Blair,59,Nomifru,72369,YELLOW,(670) 476-2155,Male
Rosa Reynolds,36,Ibdikso,16011,BLUE,(436) 899-8909,Female
Maurice Boyd,25,Walunro,82459,RED,(415) 757-4798,Male
Micheal Page,62,Bafidufe,58342,GREEN,(964) 987-1951,Male
Hannah Hayes,46,Zilonwo,41808,YELLOW,(684) 420-4493,Male
Lydia Gregory,41,Zoktisde,82676,GREEN,(581) 456-2950,Male
Grace Sparks,60,Zutuzde,82229,BLUE,(456) 741-2935,Male
Edward Lloyd,22,Ehwuli,40187,GREEN,(238) 997-6912,Male
Ida Hodges,26,Zobvimas,74698,BLUE,(688) 261-6752,Male
Maggie Pierce,36,Dabeci,27283,RED,(981) 918-4375,Female
George Frank,37,Dejzikri,75075,RED,(919) 966-5901,Female
Edna Ramos,63,Ohovvuz,22356,WHITE,(352) 768-7213,Female
Walter Guerrero,47,Luwzuzdum,74711,WHITE,(922) 562-2654,Male
Alberta Tyler,48,Afjidib,27996,GREEN,(384) 975-8562,Female
Francis Pena,20,Ogiaglif,43820,YELLOW,(262) 877-4705,Female
Jerry Mills,65,Cicfotmi,70572,YELLOW,(373) 252-2100,Male
Marian Kelly,37,Muwirme,22065,RED,(239) 782-9364,Female
Lura Salazar,21,Isizufov,73478,GREEN,(837) 442-7964,Female
Eva McBride,33,Koocaum,91476,YELLOW,(614) 977-4436,Female
Jerry Gilbert,21,Rahsucov,48734,YELLOW,(346) 658-8198,Female
Ryan Stewart,30,Ijezajris,19524,YELLOW,(210) 912-9612,Male
Stephen Davidson,58,Godose,01121,GREEN,(240) 710-3076,Male
Joseph Erickson,43,Ebelidpoz,40824,YELLOW,(808) 711-6495,Female
Loretta Berry,56,Soteliri,75686,WHITE,(528) 442-7952,Female
Amy Henry,63,Efabcu,32358,YELLOW,(745) 905-8191,Female
Victor Bryant,41,Neocilut,67548,BLUE,(973) 845-4436,Male
Tony Garcia,58,Cefawaga,89248,WHITE,(933) 406-7826,Female
Myrtle Rose,56,Piivahu,96329,RED,(576) 713-1942,Male
Leo Alexander,24,Devadur,21982,RED,(767) 302-7841,Female
Theodore Osborne,65,Nurazage,13903,GREEN,(505) 310-2838,Female
Marguerite Duncan,59,Ditaku,19722,RED,(400) 683-9184,Female
Myrtie Cunningham,22,Lizhote,19568,YELLOW,(622) 380-6125,Male
Adam Sanchez,35,Womuefe,16923,RED,(774) 334-8821,Male
Marguerite Jennings,38,Tuuchi,20751,RED,(576) 640-6478,Female
Susan Rodriquez,28,Vezaih,51565,WHITE,(748) 365-9751,Male
Harold Riley,39,Sukomse,27974,RED,(210) 709-1532,Female
Evan Phillips,60,Vosobuna,43822,YELLOW,(412) 527-6048,Male
Isabella Reeves,29,Erazuhaj,50031,WHITE,(411) 770-9260,Female
Edna Marsh,45,Abekolde,59637,GREEN,(473) 931-1142,Male
Estella Tran,27,Towsihev,43495,RED,(645) 491-4868,Male
Andrew Woods,55,Kezrega,42106,WHITE,(320) 877-2028,Female
Samuel Sims,36,Jufkaovu,55003,GREEN,(955) 894-1513,Female
Howard Simon,47,Puririka,63125,BLUE,(450) 280-2473,Female
Christina West,20,Dimenur,07323,YELLOW,(652) 891-7885,Female
Walter Rice,36,Vamlapni,21418,YELLOW,(317) 959-7243,Female
Jim Brooks,64,Odhoid,53796,GREEN,(303) 449-1735,Male
Leon Rivera,39,Modlahno,52559,BLUE,(416) 431-9022,Female
Mae Montgomery,30,Ovpicba,21194,GREEN,(945) 594-8945,Male
Eliza Sutton,36,Terizcu,26365,BLUE,(439) 789-7760,Male
Travis Newman,43,Etapis,58088,BLUE,(464) 245-7010,Male
Violet Lamb,58,Daarutug,13827,WHITE,(977) 693-6442,Female
Leila Nguyen,23,Wagarog,62119,RED,(738) 433-1534,Female
Margaret Lambert,24,Vepohvi,28728,GREEN,(800) 299-3761,Male
Florence Johnson,25,Kaelobe,36394,GREEN,(626) 669-3811,Female
Mildred Lamb,33,Ifumogu,40412,GREEN,(562) 668-3556,Female
Francis Copeland,25,Huhmadnin,08687,WHITE,(809) 960-4297,Male
Floyd Cunningham,28,Jatujuz,30939,GREEN,(874) 542-7819,Male
Thomas Palmer,58,Delonmal,85553,YELLOW,(587) 995-2708,Male
Elnora Lawrence,27,Rokwewhol,66593,BLUE,(901) 848-6599,Male
Myra Matthews,53,Fidviara,21386,WHITE,(988) 338-5211,Female
Brent Valdez,44,Pezine,55713,WHITE,(808) 261-2921,Male
Dorothy Roberson,59,Ukokbif,46548,YELLOW,(958) 413-1712,Female
Jonathan Perry,29,Lezraka,78386,BLUE,(240) 576-9361,Female
Vernon Cross,19,Jifial,42308,BLUE,(359) 673-4524,Male
Leona Moody,43,Tihanis,01613,GREEN,(231) 564-8584,Male
Lydia Lynch,36,Mukneum,53746,YELLOW,(349) 220-9883,Female
Pauline Munoz,41,Fiwnuti,77007,YELLOW,(452) 548-3673,Male
Nell Rogers,45,Niekokol,26721,RED,(307) 839-3449,Male
Danny Castro,26,Tohekto,13878,BLUE,(413) 735-9692,Male
Jessie Hanson,64,Fomijse,14512,YELLOW,(943) 601-9344,Female
Max Holloway,60,Fegodaki,99789,GREEN,(674) 404-6044,Male
Donald Hunter,35,Gurekdus,65694,BLUE,(806) 924-5553,Female
Travis Newman,41,Buobti,30933,BLUE,(230) 614-7313,Female
Clayton Harris,23,Mifesuv,50243,WHITE,(356) 376-5796,Male
Isaiah Weber,57,Hitjoji,60173,BLUE,(507) 450-5959,Female
Bertie Jefferson,49,Wukavra,38208,WHITE,(531) 364-1154,Female
Ada Stevens,55,Topimu,95536,YELLOW,(588) 282-7316,Male
Cole Wagner,36,Tecozzib,49356,YELLOW,(937) 523-8962,Female
Phillip Payne,21,Sogtodop,32151,BLUE,(547) 858-4864,Female
Mabelle Wallace,64,Iducower,59889,WHITE,(885) 760-4326,Female
Gilbert George,33,Nidocej,26529,YELLOW,(201) 373-6309,Female
Alexander Quinn,50,Pornerel,99390,YELLOW,(661) 908-5262,Male
Dustin Weber,63,Kelbucu,60079,WHITE,(436) 329-5800,Male
Harry Black,62,Ocaelaci,00851,RED,(807) 599-7842,Male
Jose Richardson,43,Cezbopcit,39416,BLUE,(276) 894-9996,Male
Lillian Washington,40,Lajipousa,53286,BLUE,(985) 464-4218,Female
Thomas Montgomery,49,Ilotozo,22641,YELLOW,(841) 429-9504,Male
Bessie Norman,47,Mircuma,58994,RED,(343) 946-6894,Male
Johanna Jacobs,36,Zozgofcu,33037,RED,(727) 588-3815,Male
Kathryn Burke,23,Vuzsica,73282,GREEN,(454) 212-3568,Male
Fred Sandoval,36,Saljivul,30921,YELLOW,(556) 465-3150,Male
Lucile Reyes,27,Iwtigo,23112,YELLOW,(752) 990-8795,Male
Allie Stokes,32,Zinepig,34464,GREEN,(477) 989-8109,Male
Susan Maldonado,20,Awubapov,50429,RED,(984) 969-9981,Female
Virginia Anderson,46,Jokijme,47904,BLUE,(905) 823-1151,Male
Virgie Vasquez,49,Fedlogaf,78914,BLUE,(204) 581-1924,Male
Alvin Rowe,57,Zuvweje,49534,RED,(306) 974-7710,Male
Michael Gibson,52,Lofodufu,00545,BLUE,(356) 440-1307,Male
Vincent Martinez,42,Nidici,37834,YELLOW,(628) 881-5707,Male
Jordan Webster,50,Puruptoz,89507,BLUE,(547) 737-9590,Female
Hilda Vasquez,49,Epemucam,15235,YELLOW,(703) 906-5259,Female
Vincent Bryant,33,Emubeor,33741,BLUE,(248) 784-5729,Male
Pauline Ball,40,Irucogzo,88771,BLUE,(645) 364-1251,Female
Eliza Caldwell,61,Zagutat,43028,WHITE,(870) 947-7715,Female
Theresa Blair,35,Ojsucen,09950,YELLOW,(345) 443-9728,Male
Stephen Evans,24,Lisikba,26972,GREEN,(941) 526-8190,Male
Marc Sullivan,65,Batied,87811,WHITE,(862) 388-2148,Female
Andre Craig,49,Piwdicrow,52381,WHITE,(483) 316-8251,Male
Barry Kim,32,Sipewu,95940,BLUE,(229) 609-2816,Female
Harriet Dawson,45,Hiariewe,85821,RED,(977) 620-7758,Female
Hilda Summers,53,Homohi,42972,WHITE,(347) 493-8269,Female
Della Griffin,18,Sufajole,47603,RED,(634) 487-4233,Female
Lillian Herrera,57,Ujkejo,61109,YELLOW,(438) 353-7969,Female
Lena Moody,31,Cogguzopi,49978,GREEN,(485) 831-2148,Female
Nathan Bradley,32,Dukrahvu,34674,YELLOW,(454) 342-5706,Male
Abbie Horton,57,Ucniwjov,95181,GREEN,(903) 504-3047,Female
Effie Daniels,41,Pavjiura,55404,BLUE,(251) 775-4270,Female
Daniel Guerrero,30,Tectuici,97403,RED,(678) 928-3675,Male
Violet Webster,31,Adoriabe,22907,GREEN,(483) 752-6537,Female
Estelle Terry,18,Behopnu,85133,WHITE,(406) 718-3408,Male
Lester Webster,57,Tarzowce,34976,WHITE,(805) 386-7806,Female
Elva Phelps,54,Siwkifgu,43310,BLUE,(303) 581-3357,Female
Frederick Schmidt,24,Wopetaja,50759,RED,(406) 583-6480,Female
Agnes Rhodes,58,Dutvugmuh,18042,GREEN,(719) 584-9308,Female
Hunter Wheeler,61,Potuzeg,86577,YELLOW,(420) 324-3378,Female
Ophelia Bates,25,Rivsegap,82628,RED,(683) 348-1603,Female
Susie Gordon,48,Suekomod,27338,YELLOW,(933) 461-4985,Female
Lydia Newman,18,Cubeben,04904,RED,(975) 793-9563,Female
Joseph Oliver,26,Egsomed,70397,YELLOW,(983) 904-2732,Female
Elmer Stokes,50,Zahpogu,21832,RED,(201) 252-5097,Female
Allie Gill,50,Lufafnem,51275,BLUE,(723) 488-9351,Male
Irene Logan,62,Jinbudtud,53815,BLUE,(874) 671-7713,Male
Lora Tran,46,Wegjawzar,60137,GREEN,(261) 648-9728,Female
Louis Hernandez,42,Zipezsi,50609,YELLOW,(737) 887-6947,Male
Luke Lewis,52,Fimujdaz,41299,WHITE,(459) 409-4348,Female
Matilda Garza,63,Cimawcuc,02474,YELLOW,(832) 877-6308,Male
Howard Schwartz,44,Gigmeme,65477,BLUE,(884) 336-2721,Female
Bradley Perry,44,Kadvacha,03963,WHITE,(746) 550-7580,Female
Tom Ortiz,33,Etvufzen,68772,GREEN,(485) 863-8610,Female
Hilda Christensen,62,Subeoji,66471,WHITE,(976) 942-9065,Female
Arthur Joseph,58,Kurniaci,85688,WHITE,(518) 691-1123,Male
Lottie Joseph,39,Ezhihga,32489,GREEN,(257) 624-9727,Male
Justin Conner,46,Warvogus,24457,YELLOW,(924) 887-6414,Male
Lura Wood,39,Uhteowu,89925,GREEN,(510) 309-8858,Female
Thomas Klein,22,Bijobahu,32083,RED,(355) 392-5001,Male
John Hale,54,Durmofoh,52846,YELLOW,(385) 208-7063,Male
Jay Griffin,42,Olzugul,71828,WHITE,(379) 714-7977,Female
Jacob Patrick,61,Negoku,91417,GREEN,(852) 913-4813,Male
Jesus Diaz,36,Ecfagja,87385,YELLOW,(884) 658-6021,Female
Alexander Morrison,20,Ipufasbap,31529,GREEN,(864) 962-4247,Female
Olive Reid,46,Vovejap,95979,BLUE,(578) 994-2677,Female
Devin Hunt,56,Locimdo,73414,BLUE,(367) 242-1063,Female
Johnny Martin,37,Bokvuonu,97372,WHITE,(744) 426-9767,Male
Nannie Bryant,39,Hiahja,28126,YELLOW,(807) 757-1355,Male
Martha Walters,42,Zuzugfu,81802,BLUE,(360) 843-6950,Male
Antonio Stanley,26,Liivatu,08390,WHITE,(868) 944-8361,Female
Hulda Keller,18,Sidura,54274,YELLOW,(350) 580-6532,Female
Gertrude McCoy,25,Anuvusi,17076,BLUE,(457) 963-7184,Female
Chris Buchanan,60,Jihufohi,86242,BLUE,(526) 896-4814,Male
Betty Goodwin,28,Dibizot,44943,BLUE,(260) 479-9309,Female
Edward Cortez,60,Faneid,48051,GREEN,(687) 652-9870,Female
Vincent Rodriguez,19,Cipewec,91329,GREEN,(537) 951-1955,Male
Alex Sanders,65,Cakuvik,82862,BLUE,(763) 715-9479,Female
Jeff Thomas,51,Ladipi,81365,WHITE,(927) 557-4293,Female
Allen Garner,29,Izlori,07133,BLUE,(420) 574-3258,Male
Bryan Webb,40,Muwbeop,55039,RED,(959) 897-5696,Female
Violet Rodriguez,65,Nibised,79239,WHITE,(928) 924-3086,Male
Rosalie Colon,36,Ugitofih,04576,RED,(689) 726-4403,Female
Cory Malone,46,Avoluzo,08762,YELLOW,(950) 996-5184,Female
Eddie Goodwin,27,Arikusoz,28938,RED,(823) 829-2315,Female
Nelle Walters,43,Ifazeluw,67330,BLUE,(905) 215-1665,Male
Ernest Johnston,46,Tuilgev,30702,YELLOW,(806) 271-2778,Male
Rosa Gomez,39,Saavajid,79885,BLUE,(282) 456-9634,Male
Maria Roberts,27,Mocnemip,10099,RED,(206) 204-2991,Female
Walter Freeman,61,Defemace,20779,RED,(551) 371-3430,Female
Evan Davis,43,Sodijoju,41781,RED,(816) 243-6434,Male
Vera Stanley,49,Bajacuh,45213,WHITE,(616) 874-3469,Male
Ricky Wells,43,Elepice,77872,RED,(841) 234-7990,Female
Elva Lowe,36,Ozigze,04217,WHITE,(869) 830-9761,Male
Hester Bass,39,Ebzaiw,04097,GREEN,(887) 894-5340,Male
Iva Clark,53,Fohlekbec,09226,BLUE,(270) 788-6147,Female
Mayme Rose,42,Zushikcaj,63789,YELLOW,(226) 589-4515,Female
Elva Gardner,47,Bofujba,76651,WHITE,(504) 859-5046,Female
Glenn Lindsey,33,Oruluca,76185,GREEN,(520) 688-3464,Male
Harvey Buchanan,63,Hiijbal,94996,GREEN,(216) 998-9448,Female
Harry Hammond,50,Miifke,03846,YELLOW,(442) 788-3731,Male
Mable Dunn,35,Zushili,53875,BLUE,(212) 610-1355,Female
Inez Nunez,65,Avonijem,83198,BLUE,(764) 618-1315,Male
Bradley Luna,30,Bimsumo,93695,BLUE,(552) 854-6765,Female
Harold Lee,64,Ludacor,08204,YELLOW,(506) 442-7865,Female
Logan Tucker,18,Ruwaic,25809,WHITE,(631) 689-1931,Male
Sean Stone,38,Miptomhi,61459,RED,(332) 690-6960,Female
Violet White,51,Zuaboki,35657,WHITE,(323) 797-6221,Female
Allen Hodges,41,Bivifgi,12751,RED,(259) 227-8457,Male
Rosetta Tyler,53,Lokutwu,62582,GREEN,(513) 409-1628,Male
Chase Malone,23,Lotadem,79590,YELLOW,(251) 856-9428,Male
Carrie Nichols,58,Reditomu,27837,WHITE,(832) 788-1600,Male
Adrian Duncan,34,Indircu,65137,WHITE,(810) 693-6244,Male
Susan Holloway,57,Fugivre,39618,BLUE,(510) 647-6092,Male
Martin Gomez,57,Zigafcub,14439,BLUE,(239) 812-9603,Male
Elijah Mack,50,Zenufnu,46956,WHITE,(423) 478-1111,Male
Hallie Frazier,19,Pazeori,34972,GREEN,(401) 405-3137,Female
Stephen Fisher,50,Kundopsu,50416,RED,(507) 867-6269,Male
Delia Park,21,Tiuvov,03814,YELLOW,(759) 847-1729,Female
Ronnie Fowler,18,Kabduvo,17219,GREEN,(332) 575-7774,Female
Eliza Steele,46,Rivdedo,54047,RED,(486) 916-5878,Female
Hallie Jimenez,33,Tuovpep,89967,YELLOW,(546) 997-6826,Male
Tyler Garrett,56,Fualanij,85843,GREEN,(265) 742-7933,Female
Seth Allen,49,Nizurrem,57911,YELLOW,(602) 919-5031,Female
Edward Jefferson,23,Jitgiofu,23196,YELLOW,(306) 470-3769,Male
Donald Santos,32,Cubunvaj,77801,WHITE,(963) 236-6065,Male
Eliza Evans,22,Mavampir,29442,BLUE,(324) 237-1319,Male
Myrtie Byrd,44,Foemada,91545,WHITE,(616) 789-6482,Female
Timothy Boyd,27,Puwmoor,47391,YELLOW,(825) 425-1401,Male
Maude Wood,50,Vokujin,80239,WHITE,(948) 903-1632,Male
Jesus Reed,41,Lufacpum,94433,RED,(271) 869-8503,Female
Edith Miles,34,Hagmikduw,36969,BLUE,(467) 395-2328,Female
Kenneth Miller,23,Ofeviti,20398,RED,(982) 346-8416,Female
Milton Collins,28,Zadhohil,73188,WHITE,(854) 297-5862,Male
Andre Padilla,51,Zuszilkaz,19657,GREEN,(850) 597-9259,Female
Bessie Henry,58,Hehcugip,44439,WHITE,(589) 948-3038,Male
Scott Bailey,22,Muzecsi,58239,GREEN,(824) 764-3425,Male
Eliza Burton,49,Pahmumi,14702,GREEN,(352) 226-1904,Male
Esther Ward,62,Hamzobno,26574,GREEN,(209) 822-1490,Male
Hulda McGee,29,Wewiviri,63721,BLUE,(920) 572-6859,Male
Gabriel Wilson,36,Jecanved,61461,YELLOW,(883) 507-8704,Female
Bessie Reese,37,Dehnaidu,16939,BLUE,(951) 965-6637,Male
Hallie Flowers,32,Kuejocu,83085,YELLOW,(376) 527-6797,Female
Brett Hogan,57,Sizicnan,42865,RED,(578) 819-5205,Male
Elsie Norman,41,Tevinwoc,41398,GREEN,(745) 779-5132,Male
Lily Walton,25,Oclosa,82241,GREEN,(852) 425-5014,Male
Mildred Lee,50,Nuvwakdu,03342,RED,(361) 614-7763,Male
Eleanor Rice,36,Pebcojte,28866,GREEN,(780) 274-7422,Female
Lydia Simpson,41,Hejored,35141,WHITE,(745) 565-5174,Female
Owen Page,47,Muisiuge,53337,WHITE,(748) 700-7916,Female
Delia Alvarez,62,Ojnisgi,68976,WHITE,(938) 887-6347,Female
Olga Clarke,57,Wolorgo,38550,GREEN,(886) 577-8653,Male
Celia Marsh,26,Jetnahe,79769,RED,(852) 437-6956,Male
Delia Curtis,39,Utloaco,16541,YELLOW,(941) 755-3810,Male
Landon Chavez,21,Jomzime,02272,BLUE,(900) 384-5880,Female
Jayden Hogan,57,Ozfeffu,24279,BLUE,(556) 987-2446,Male
Dominic Holt,44,Fakewfud,41217,WHITE,(552) 832-2044,Male
Christina Klein,30,Howtocjo,74520,GREEN,(426) 874-3134,Female
Sally James,65,Gurpuzu,43053,GREEN,(246) 723-7664,Female
Lucile Hodges,65,Zuwicof,85330,WHITE,(578) 499-3566,Female
Clarence Fernandez,39,Telnaumi,61762,BLUE,(972) 784-9576,Male
Sue Frank,54,Owiezba,40474,WHITE,(373) 305-3367,Male
Beulah Huff,37,Jogniof,81372,GREEN,(555) 721-2525,Male
Nell Wright,60,Suizegu,87509,GREEN,(214) 643-8063,Female
Minnie Stewart,64,Ubofujnad,75765,GREEN,(316) 201-6451,Female
Charles Castillo,21,Emikute,37066,RED,(544) 486-2936,Female
Jerry Copeland,44,Visinova,75000,RED,(919) 885-9191,Female
Elva Thompson,21,Rakoho,45789,BLUE,(736) 355-9128,Female
Minnie Parks,22,Zijhuzi,53590,WHITE,(963) 747-5490,Male
Jerry Clark,53,Ocbici,16238,GREEN,(709) 717-6742,Male
Lucinda Henry,62,Sasevfur,51545,GREEN,(805) 667-9404,Female
Marguerite Willis,51,Salukeuni,61927,YELLOW,(980) 404-2013,Male
Lucinda Diaz,51,Nawisak,71535,RED,(850) 704-5663,Male
Louise Foster,39,Ujaizro,35371,GREEN,(648) 246-8657,Female
Marian McCarthy,63,Kenasrir,73820,WHITE,(375) 889-6161,Female
Pauline Page,63,Furdibu,87989,GREEN,(270) 324-4194,Female
Lola Poole,20,Hekbaobi,74263,YELLOW,(626) 572-9621,Female
Andrew Vargas,43,Luzkorwe,70807,WHITE,(566) 763-3395,Female
Francis Goodwin,59,Wucimoh,62437,BLUE,(802) 717-7935,Female
Jimmy Moody,61,Cavalucus,21370,WHITE,(782) 280-5734,Female
Erik Ramos,55,Ruhfuto,05656,BLUE,(934) 226-5286,Male
Alexander Kelly,41,Pofupon,50337,WHITE,(732) 939-2781,Female
Mable Cunningham,56,Zafedbo,90142,GREEN,(549) 842-5160,Male
Francis Wells,28,Odaerolem,18743,RED,(334) 341-6267,Female
Lula French,60,Tilomojas,68707,RED,(532) 423-3169,Male
Olive Joseph,57,Jaleja,87088,YELLOW,(748) 607-1301,Male
Roxie Martinez,23,Kofosizef,66927,BLUE,(777) 678-2981,Female
Christian Medina,35,Voswuvmi,27404,BLUE,(926) 751-1380,Male
Maud Harrington,25,Diwpole,06248,YELLOW,(878) 812-1064,Female
Sarah Fisher,18,Hezonafif,71150,WHITE,(855) 285-6976,Male
Gordon Ramsey,37,Tapudga,13911,BLUE,(528) 455-4142,Male
Christine Parker,25,Macfujna,12768,WHITE,(745) 447-6296,Male
Lola Goodwin,51,Gicafnas,05169,BLUE,(565) 317-2162,Male
Bertie Cannon,56,Ridkobse,54627,YELLOW,(881) 913-6589,Male
Alfred Ortiz,52,Ufaruvo,88169,BLUE,(208) 530-2320,Female
Francis Hopkins,29,Harreege,60844,GREEN,(362) 781-5998,Female
James Wilkins,49,Adudeaza,11653,WHITE,(811) 313-9059,Female
Linnie Little,25,Hudejru,47630,YELLOW,(814) 759-1832,Male
Brent Knight,24,Weifuri,21255,WHITE,(336) 245-8683,Female
Devin Flores,38,Zusila,41516,YELLOW,(288) 401-6974,Female
Jeanette Porter,26,Itluse,85325,YELLOW,(245) 409-2595,Male
Stephen Duncan,53,Uwowaowe,75858,WHITE,(843) 371-4701,Male
Rachel Park,37,Wodaka,77646,WHITE,(529) 646-1075,Male
Luis Craig,42,Pogzepaf,36175,BLUE,(473) 382-1674,Female
Allie Morris,31,Zublipbo,80432,GREEN,(519) 885-1815,Male
Seth Spencer,53,Uvimejci,65844,YELLOW,(543) 501-7788,Male
Rosie Rose,39,Nivaka,12765,RED,(537) 980-8820,Female
Delia Hubbard,62,Asnohen,76341,WHITE,(556) 341-1553,Male
Lilly Hill,37,Reujukib,32088,GREEN,(965) 832-4662,Male
Clarence Tran,56,Parakom,12316,GREEN,(521) 481-6425,Female
Willie Green,26,Hubawemug,42677,RED,(935) 721-2626,Female
Loretta Pope,36,Mozojaw,63825,WHITE,(334) 688-5584,Male
Flora Pearson,44,Uzgakur,35760,RED,(521) 445-7304,Male
Isaac Ross,32,Mecmarbaf,92236,GREEN,(863) 753-9525,Female
Matthew Lewis,24,Fomlodjiz,44097,RED,(587) 309-8647,Female
Sue Moreno,56,Dihtoza,00618,YELLOW,(584) 657-9080,Male
Estella Gill,47,Helakoc,08243,RED,(712) 964-8955,Female
Francisco Hodges,63,Regrahek,21777,YELLOW,(782) 617-9275,Female
Jeffrey Phelps,49,Wanlepu,07449,RED,(420) 327-3954,Female
Marion Bryan,49,Kakozde,76390,RED,(967) 630-6430,Male
Isabel Schwartz,43,Fiznebha,71327,RED,(976) 730-2482,Female
Alberta Vasquez,23,Sepipa,96111,WHITE,(402) 484-8484,Male
Luella Roy,35,Wacdarro,75385,WHITE,(864) 661-4817,Female
Dustin Roberts,40,Nufadij,62898,WHITE,(320) 702-4102,Male
Clyde Garcia,51,Bahukwo,90693,RED,(857) 870-7460,Male
Lulu Simpson,51,Acuesuwob,69291,GREEN,(473) 877-7253,Female
Carlos Richardson,56,Lejipepu,23668,YELLOW,(686) 947-2443,Female
Claudia Russell,58,Ebazufar,89387,YELLOW,(885) 680-6450,Female
Hilda Page,44,Avkawiga,97070,YELLOW,(214) 643-6755,Female
Christine Chambers,37,Bozdewac,63636,RED,(379) 200-7534,Male
Maurice Reese,46,Zajfupgip,97071,WHITE,(979) 971-8278,Male
Edward Hodges,55,Terzetvuw,98815,BLUE,(310) 735-9939,Female
Oscar McKinney,41,Guokasa,94973,WHITE,(438) 283-1681,Male
Rosa Sanchez,32,Donesuv,44273,BLUE,(653) 726-8457,Female
Bettie Neal,49,Vinnuvnab,97580,BLUE,(782) 624-1108,Male
Jay Osborne,26,Levjufi,28170,BLUE,(260) 957-3118,Female
Zachary Fernandez,62,Lugodgu,54825,BLUE,(553) 341-7574,Female
Eula Henry,20,Fuicitij,42103,RED,(321) 485-6686,Female
Alfred Scott,51,Ordadeko,36229,YELLOW,(569) 781-6719,Male
Cynthia Houston,60,Kuhefju,33237,YELLOW,(461) 523-7814,Female
Herman Powers,27,Tovkubi,03875,BLUE,(511) 697-5738,Female
Kevin Saunders,59,Vijale,49828,WHITE,(423) 346-7660,Male
Evelyn King,43,Liphikbef,38546,GREEN,(458) 718-8792,Male
Joshua Lindsey,22,Ijgebid,70601,BLUE,(854) 332-8700,Male
Rosetta Silva,52,Hilmubis,46092,RED,(966) 446-5777,Female
Esther Hanson,25,Keshuwo,86590,RED,(779) 612-8207,Female
Glenn Hammond,24,Okimapcuw,94814,GREEN,(683) 263-1009,Female
Connor Jimenez,60,Sefunge,96772,GREEN,(684) 370-9376,Male
Justin Garcia,26,Dotateda,06241,BLUE,(281) 571-4417,Male
Vera Ferguson,24,Soucage,80427,BLUE,(372) 242-9211,Male
Clayton Abbott,49,Ropomab,74283,RED,(382) 865-2701,Female
Garrett Warner,55,Fijubol,48870,WHITE,(305) 326-6374,Female
Landon Lambert,47,Jovnuvkul,33409,BLUE,(449) 655-1563,Female
Darrell Clayton,21,Musidna,39214,YELLOW,(839) 332-2473,Male
Jon Wells,55,Hohjeose,43519,YELLOW,(960) 696-5385,Male
Betty Payne,35,Zahtoiv,07721,YELLOW,(210) 313-2368,Female
Steve Newman,37,Osujoda,21944,RED,(636) 616-9071,Male
Johnny Barnett,37,Kokasgar,74835,RED,(906) 362-3192,Female
Mabelle Webster,62,Sulgoes,56614,YELLOW,(778) 700-1202,Female
Pauline Sharp,18,Lilagow,83634,BLUE,(851) 780-9472,Male
Dean Holmes,61,Idagela,08366,RED,(262) 519-7889,Female
Ian Owens,43,Zefosna,68814,BLUE,(869) 340-5310,Male
Shane Wise,49,Dogogew,10694,YELLOW,(583) 363-1260,Female
Ada Briggs,27,Tiakucol,29635,GREEN,(971) 900-9181,Male
Luke Holmes,56,Zinaug,58894,WHITE,(357) 761-1378,Female
Allen Vasquez,35,Jacudeg,39633,GREEN,(716) 397-1299,Female
Eva Watkins,42,Pajsalpu,55770,GREEN,(873) 501-9014,Female
Norman Cortez,40,Sodorza,49615,WHITE,(455) 295-4792,Female
Ian Wright,55,Hiwoluw,84972,RED,(969) 436-3687,Male
May Wilson,60,Gulowso,23269,GREEN,(312) 388-2675,Male
Jacob Guerrero,59,Fiviil,04245,WHITE,(404) 910-7176,Male
Minnie Carter,20,Vuhekcu,94574,RED,(835) 530-9232,Female
Bessie Pratt,32,Buhasnig,71700,RED,(760) 455-7078,Male
Bertha McCoy,65,Zudocvip,63301,WHITE,(255) 378-6306,Female
Leon Atkins,40,Irutuhe,50815,YELLOW,(868) 581-1786,Male
Lee Baldwin,32,Avpasave,18561,YELLOW,(421) 375-5405,Male
Abbie Paul,45,Pajnisa,71039,YELLOW,(872) 939-1281,Male
Millie Hicks,46,Jogzegvoz,22800,YELLOW,(709) 340-7465,Male
Louis Watson,47,Itsuvhis,64200,YELLOW,(935) 652-1977,Female
Michael James,38,Vignerog,94573,YELLOW,(848) 920-9943,Male
Glen Dean,59,Campiksum,17799,WHITE,(439) 297-2155,Male
Ernest Little,62,Hajwibsor,48460,BLUE,(838) 801-7852,Male
Curtis Russell,32,Zedjirji,30325,BLUE,(654) 333-7886,Female
Florence Strickland,54,Vihtijbov,28893,BLUE,(358) 897-7184,Male
Jim Huff,43,Cawumo,19141,WHITE,(583) 779-5648,Female
Birdie Hernandez,28,Iwefoges,10057,GREEN,(721) 974-9775,Female
Sam Walsh,38,Mabzuig,48671,RED,(226) 788-8013,Male
Christine Cross,42,Neciunu,96660,WHITE,(970) 809-8774,Female
Wayne Boyd,47,Osducdoc,04590,BLUE,(815) 877-3087,Male
Loretta Hines,60,Sercoar,55531,BLUE,(349) 453-3936,Male
Garrett Gilbert,19,Wukfetmo,79790,YELLOW,(311) 496-1932,Male
Beatrice Gray,46,Serhandep,57442,GREEN,(231) 972-4995,Female
Timothy Knight,28,Jugagogig,05555,RED,(634) 487-8998,Female
Gerald Ray,54,Cilwijdi,70130,GREEN,(564) 676-4378,Female
Rebecca Chapman,47,Fafouh,10815,BLUE,(822) 493-7920,Female
Allie Reid,41,Sikanil,88475,GREEN,(434) 724-9424,Male
Rodney Morrison,39,Udukectod,03732,YELLOW,(228) 434-5627,Male
Vera Hanson,59,Pihdezol,73739,BLUE,(940) 675-5031,Male
Stanley Mason,41,Mendobri,32473,BLUE,(341) 255-6044,Female
Jay Moore,40,Iropizum,49095,BLUE,(467) 844-1167,Male
Maud Perkins,57,Eppagam,25850,WHITE,(884) 575-4558,Female
Myrtie Nguyen,39,Tidudoz,51519,WHITE,(262) 392-7508,Male
William Adkins,59,Ifozancu,20648,WHITE,(586) 834-5612,Male
Herbert Steele,27,Ujizanjov,24150,RED,(951) 575-6126,Female
Kevin Hart,41,Nuerrid,32214,RED,(350) 259-8350,Female
Clara Gibson,18,Sugeca,29628,RED,(934) 666-7214,Male
Lloyd Taylor,61,Fifcalaw,49459,GREEN,(319) 600-6853,Female
Teresa Torres,46,Cadgewdaw,29521,GREEN,(570) 410-6478,Male
Lida Terry,19,Fosiba,79366,GREEN,(982) 914-5863,Female
Tillie McCarthy,57,Agojoawe,93857,GREEN,(310) 977-9987,Male
Jose Crawford,49,Hecuva,01384,GREEN,(779) 279-7241,Female
George Salazar,33,Nadsilug,92794,WHITE,(330) 212-2859,Male
Chester Fields,26,Pamtooha,19069,YELLOW,(627) 305-3800,Male
Mittie Turner,25,Janujwa,45024,YELLOW,(270) 611-8746,Female
Laura Stevens,49,Pougkop,78409,RED,(371) 632-4611,Male
Alta Keller,34,Hakitzi,83380,YELLOW,(354) 841-4175,Female
Helena Little,38,Pasizno,25301,GREEN,(706) 938-5562,Female
Owen Walker,24,Eduiguru,03401,BLUE,(341) 930-5385,Female
Cameron Estrada,39,Vajgolkag,18234,GREEN,(503) 731-4784,Female
Stephen Willis,46,Losuweg,88412,RED,(651) 930-8521,Male
Samuel Morrison,48,Jupombaz,34465,BLUE,(761) 494-2449,Male
Katherine Willis,49,Heucho,49896,YELLOW,(404) 385-3980,Male
Elmer Bryan,21,Idtifar,95110,RED,(388) 969-3187,Male
Charlotte Clark,39,Epejeep,24074,YELLOW,(950) 304-7884,Male
Marion George,64,Hahliunu,13018,GREEN,(755) 816-1174,Female
Carl Bowman,51,Epjafa,37952,RED,(415) 759-5818,Female
Myrtie Gill,37,Pudvalolu,93623,GREEN,(247) 697-3334,Female
Louisa Sims,27,Tehmizop,12008,RED,(577) 714-2709,Female
Landon Murray,27,Sedzajfo,92279,YELLOW,(435) 428-1120,Female
Tommy Perez,33,Orefeve,21105,RED,(206) 982-5316,Male
Angel Warner,41,Widhavfih,45853,WHITE,(907) 205-9786,Male
Marion Fitzgerald,31,Casebim,93454,WHITE,(372) 776-5929,Female
Phoebe Yates,31,Enunutab,00633,WHITE,(649) 752-8831,Male
Randy Moody,45,Lenvaguno,66284,RED,(736) 276-2016,Male
Manuel Rodriquez,22,Diwoso,16468,BLUE,(648) 357-5376,Female
Jesus Gilbert,18,Faonofu,18819,GREEN,(764) 874-6342,Female
Bettie Jackson,26,Tizagdo,77615,RED,(938) 506-6754,Male
Francis Vasquez,44,Tamocaik,95209,BLUE,(761) 282-3671,Male
Marion Murray,54,Seevuojo,31796,RED,(947) 449-5344,Male
Lora Klein,35,Tulzimaju,06852,BLUE,(349) 920-5908,Male
Phoebe Evans,24,Haasoze,97909,YELLOW,(576) 506-7516,Female
Mike Lucas,58,Ahonali,54661,WHITE,(613) 683-5013,Male
Linnie Guerrero,18,Jejvopapi,71485,GREEN,(685) 845-4504,Male
Jackson Newton,18,Picdagve,19364,RED,(588) 387-7925,Male
Kenneth Simmons,29,Kucasbe,35561,GREEN,(709) 421-2356,Female
Glenn Wallace,19,Jofuvapun,25405,WHITE,(652) 235-9487,Female
Betty Carpenter,49,Hibrakcug,30788,YELLOW,(940) 778-4262,Male
Roxie Silva,27,Lechuhon,61809,BLUE,(944) 275-3300,Male
Ora Smith,29,Tokjodot,83252,RED,(205) 995-3206,Female
Alfred Floyd,65,Cowcopon,06970,YELLOW,(636) 340-9221,Female
Blake Figueroa,54,Akumupsoj,92845,WHITE,(902) 719-2417,Male
Luke Sanchez,33,Danacme,42356,BLUE,(988) 991-3900,Female
Lettie Keller,53,Pollukani,60285,RED,(410) 624-2735,Female
Lizzie Farmer,20,Ifnotef,77648,GREEN,(857) 404-9112,Male
Edgar Lyons,52,Lakazeh,14267,WHITE,(334) 924-9944,Female
Maggie Benson,40,Wuknewpu,57128,RED,(928) 936-1663,Female
Lee Baker,52,Worzagbu,43986,BLUE,(773) 334-7989,Male
Frank Park,62,Zumnilen,56329,YELLOW,(563) 255-7688,Female
Ray Bates,22,Fozhefjap,75316,RED,(777) 366-2798,Male
Pearl Greer,21,Tapotezi,46203,GREEN,(605) 898-9938,Male
Ophelia Roberson,53,Jaohepiv,13536,GREEN,(241) 544-7508,Female
Jerome Howell,64,Dezomofe,92400,WHITE,(418) 923-1127,Male
Francis Morrison,53,Elizovi,09023,BLUE,(327) 317-7579,Male
Paul Brady,33,Dadanow,57485,YELLOW,(815) 976-9011,Female
Mina Olson,20,Siuwuvor,99905,YELLOW,(321) 562-9574,Male
Julia Boyd,31,Zoflujkat,86662,WHITE,(945) 698-3859,Male
Hulda Kelly,32,Ikicako,80538,BLUE,(432) 727-1963,Male
Ethel Campbell,44,Udazuba,77980,GREEN,(606) 446-2906,Female
Trevor Lee,49,Dikiduc,30539,YELLOW,(325) 657-7288,Female
Jorge Ortiz,23,Vefablow,25627,RED,(962) 943-4543,Female
Mason Schmidt,29,Winoci,83886,WHITE,(332) 351-1604,Female
Isaac Gomez,24,Sontobdaw,90716,RED,(564) 833-7117,Male
Shane Reynolds,33,Kufota,76612,BLUE,(836) 834-7813,Male
Nora Erickson,22,Abtavvaf,47673,BLUE,(264) 664-7472,Female
Ethan Watson,48,Evijoik,68985,WHITE,(955) 568-4584,Male
Jeanette Hines,44,Zeljerwul,31410,RED,(769) 649-8375,Female
Maggie Hawkins,20,Lisrefwo,88509,WHITE,(448) 808-6791,Female
Lydia Cooper,21,Irumigla,23720,BLUE,(907) 609-4647,Female
Gavin Logan,62,Zeojonu,94331,WHITE,(228) 770-9115,Female
Harvey Fowler,45,Todabol,09049,YELLOW,(216) 894-3080,Female
Zachary Willis,36,Geahawe,63675,RED,(572) 568-8168,Male
Isabelle Morgan,64,Pacihego,27756,GREEN,(631) 287-8475,Female
Mitchell Obrien,38,Pesoje,46437,WHITE,(619) 418-9347,Female
Chad Martinez,20,Tubrikiti,92428,WHITE,(222) 771-4210,Female
Brandon May,46,Lafnime,89514,WHITE,(408) 923-8217,Male
Rena Martin,25,Apzepej,05267,GREEN,(550) 742-1747,Male
Lucinda McGee,43,Orguzrep,32467,WHITE,(979) 296-7021,Female
Lucille Santiago,44,Umujeru,22137,GREEN,(873) 367-1450,Female
Charlotte Watson,23,Razdomka,13931,WHITE,(280) 415-5711,Male
Bernard Moss,23,Bomowu,46831,WHITE,(379) 341-2235,Male
Sylvia Higgins,32,Lecega,76706,YELLOW,(771) 758-7407,Female
Lula Green,51,Odutinla,68104,BLUE,(917) 779-1616,Female
Marguerite Blake,56,Kawodji,98559,YELLOW,(546) 595-6466,Female
Jeanette Perry,45,Vojimhu,02427,RED,(778) 746-1462,Female
Clarence Norman,27,Tobafpu,47741,WHITE,(302) 725-4143,Male
Lou Page,54,Ajciaru,69321,GREEN,(286) 862-8985,Female
Mabelle Bowman,58,Cemrufna,27244,RED,(407) 553-2024,Male
Carl Cooper,32,Tupecda,39986,YELLOW,(439) 452-2810,Female
Bradley Johnston,41,Tolzeju,27555,YELLOW,(622) 736-4800,Male
Lida Bell,63,Timacik,91434,YELLOW,(639) 659-9248,Male
Edward Crawford,39,Bapbaslav,11891,GREEN,(863) 299-2361,Male
Sarah Ryan,59,Ebteglis,39987,GREEN,(455) 671-2371,Male
Ruby Salazar,36,Pukadib,53648,GREEN,(220) 708-9940,Female
Jay Reese,50,Nurbazja,88880,BLUE,(837) 202-9779,Male
Ricardo Burton,45,Awoefepew,44788,YELLOW,(260) 772-5302,Female
Ellen Riley,21,Kiofofu,66031,YELLOW,(444) 877-2665,Male
Jean Jenkins,64,Tipviani,92542,WHITE,(826) 318-6299,Female
Fannie Kennedy,55,Malsivo,77897,BLUE,(727) 516-1751,Female
Lulu Higgins,50,Koswople,20180,BLUE,(665) 986-4003,Male
Lily Soto,40,Kaimudaj,30811,WHITE,(712) 626-3996,Female
Wayne Robertson,44,Parkuljuz,73097,YELLOW,(705) 679-7878,Female
Tillie Patton,58,Efionrah,49572,YELLOW,(380) 830-8607,Female
Todd Simpson,30,Medouco,97609,WHITE,(448) 608-2842,Male
Christian Higgins,48,Imfacub,26979,BLUE,(744) 541-3707,Male
Billy Andrews,58,Zolepumi,52469,WHITE,(535) 482-4948,Male
Warren Patterson,37,Jebowebuh,43503,WHITE,(631) 499-4604,Female
Maggie Cooper,29,Kuntoatu,34413,RED,(759) 881-9877,Female
Victor Love,59,Tihepiwa,41592,WHITE,(470) 658-8949,Female
Christine Harrington,60,Devibek,67526,YELLOW,(549) 629-5747,Male
Adele Peterson,18,Ovrimluw,60717,RED,(460) 915-3854,Female
Leila Pope,39,Siahule,47347,BLUE,(603) 295-1868,Male
Anthony Powell,18,Kiwfucsi,77190,WHITE,(805) 995-3812,Female
Gerald Price,20,Caljutvi,96272,BLUE,(433) 612-8737,Female
Timothy Arnold,38,Gelajih,26633,GREEN,(855) 637-2210,Female
Aiden Montgomery,26,Zidilig,92412,BLUE,(855) 287-7412,Female
Rosie Baker,27,Ojenasec,67897,GREEN,(440) 685-6635,Female
Hallie Craig,57,Kusofo,25688,GREEN,(478) 238-7047,Female
Jean Jennings,35,Guhupum,01341,BLUE,(844) 239-4036,Male
Marcus Gordon,19,Halinle,76031,GREEN,(846) 620-1291,Female
Sean Huff,37,Canace,82736,RED,(943) 291-6717,Female
Ernest Osborne,59,Utwiga,43938,BLUE,(318) 909-2124,Female
Cody Johnston,27,Retcedti,81889,WHITE,(725) 427-7651,Female
Logan Ferguson,52,Namuhaimo,68180,RED,(515) 375-9797,Female
Joshua Payne,57,Notegeegu,89043,WHITE,(805) 923-8786,Male
Lora Moore,61,Vosanial,64000,RED,(306) 348-2574,Female
Miguel Dixon,56,Sirezusis,49200,RED,(946) 800-8611,Male
Gerald Alvarez,29,Teseuzi,04291,RED,(701) 689-2284,Male
Theresa Hayes,29,Peuzlel,14031,WHITE,(926) 769-3260,Female
Ella Rodriquez,58,Vepjihi,74135,YELLOW,(282) 216-4073,Male
Nelle Holland,48,Puurat,10406,GREEN,(957) 782-6833,Female
Madge Hubbard,33,Peosuuwa,22653,RED,(353) 291-2673,Female
Troy Martinez,23,Citusna,01116,YELLOW,(224) 483-4382,Male
Frank Castillo,42,Ennijpis,64666,WHITE,(788) 922-8702,Female
Troy Ortiz,44,Hamedusec,77980,WHITE,(879) 649-4244,Male
Douglas Lopez,46,Nutibno,44708,BLUE,(959) 993-5879,Male
Birdie Murray,60,Sogaito,98430,BLUE,(783) 945-4308,Female
Chester Gardner,19,Apitafu,74293,BLUE,(806) 290-5318,Female
Myra Lyons,56,Wotikfa,67733,WHITE,(759) 333-2270,Male
Vernon Sanchez,33,Izrafona,86342,RED,(483) 354-8431,Male
Johnny Aguilar,19,Uzbapna,45630,WHITE,(971) 449-9470,Male
Edgar Mann,26,Bateti,71524,BLUE,(781) 765-6531,Female
Dean Morris,42,Baucbi,07963,GREEN,(983) 711-2235,Male
Tom Luna,21,Rumtinden,98110,WHITE,(385) 273-9342,Male
Edward Manning,52,Hotkugvag,80513,BLUE,(870) 471-1569,Male
Isabel Hanson,57,Ajizro,69957,GREEN,(639) 543-9220,Female
Eric Franklin,51,Esevalo,42048,WHITE,(866) 489-2398,Male
Leah Schwartz,46,Cogavfob,68344,WHITE,(238) 571-6017,Female
Ora Nichols,37,Wishica,97034,BLUE,(714) 612-4098,Female
Addie Bradley,51,Lesovow,87643,YELLOW,(738) 639-2142,Female
Johnny Wilkerson,39,Ijuwiddab,80809,BLUE,(852) 211-5238,Male
Wesley Schwartz,44,Ikeujde,59093,GREEN,(207) 837-5909,Female
Don Mason,36,Hinikame,59017,RED,(771) 640-6720,Female
Roxie Cole,61,Ratbolev,00723,WHITE,(307) 387-3624,Male
Billy Chavez,53,Fezurza,61533,GREEN,(227) 377-3211,Male
Victoria Kennedy,46,Howdapak,93023,BLUE,(558) 530-9090,Female
Gary Medina,53,Seusvic,38372,YELLOW,(743) 919-3337,Female
Melvin Strickland,51,Luubobat,08682,RED,(463) 690-2770,Male
Lee Duncan,65,Mejebpi,09760,BLUE,(548) 264-4168,Female
Duane Gilbert,35,Luladku,10567,BLUE,(655) 930-6954,Female
Philip Watson,45,Sikdoka,91667,RED,(327) 372-9755,Male
Mattie Hale,43,Mavciaza,47890,BLUE,(921) 766-5273,Male
Leroy Miller,62,Ebevujebe,02724,WHITE,(867) 842-8085,Female
Benjamin Parks,36,Pikurrup,61374,GREEN,(488) 621-3776,Female
Tony Morgan,34,Wawarim,82320,RED,(870) 491-5059,Male
Garrett Baker,22,Tulkukcul,71929,BLUE,(365) 653-2888,Female
Walter McLaughlin,48,Agicobjis,06556,GREEN,(558) 343-6805,Male
Francisco Peters,46,Sovpikij,77050,YELLOW,(861) 770-4392,Female
Christopher Rios,31,Ovoicizu,73040,YELLOW,(287) 474-7907,Female
Clarence Price,21,Uzmotgu,66720,YELLOW,(680) 540-1898,Male
Minerva Day,64,Zojuzfih,36399,BLUE,(768) 654-9930,Male
Eric Fitzgerald,54,Jataja,11564,GREEN,(584) 855-3648,Female
Nora Riley,25,Roheki,62106,RED,(823) 223-6031,Female
Virginia Moody,61,Teuffo,25642,YELLOW,(625) 866-5246,Male
Marie Hardy,41,Awivtot,61368,WHITE,(440) 845-3329,Female
Dean Baldwin,24,Luhzagsot,46187,WHITE,(672) 718-5725,Male
Caleb Graham,33,Selisen,88244,WHITE,(611) 917-3695,Female
Lou Stephens,53,Wopluiv,50405,BLUE,(870) 595-4809,Male
Irene Dean,31,Medsokezi,61188,BLUE,(404) 567-1629,Male
Polly Cain,64,Domfoun,81761,YELLOW,(667) 739-6321,Male
Lela Barton,56,Deohfe,57412,YELLOW,(230) 543-4723,Female
Adelaide Hoffman,48,Zimegdo,03843,GREEN,(244) 475-4247,Female
Marc Williams,54,Gakekun,16518,GREEN,(621) 956-4007,Male
Jerome Hopkins,26,Napomfu,70736,RED,(784) 851-5942,Female
Winifred Hawkins,64,Nisube,37256,GREEN,(547) 630-4853,Female
Gussie Cunningham,58,Cupije,32701,RED,(303) 874-9538,Male
Teresa Briggs,31,Duwihpi,62172,RED,(468) 589-2845,Female
Adeline Gibbs,48,Levjifaci,11819,YELLOW,(664) 600-7312,Male
Rosie Anderson,63,Walavroj,28067,GREEN,(888) 460-8056,Male
Tom Armstrong,63,Bilvevud,97063,RED,(851) 377-2219,Female
Bobby Evans,47,Osmabhut,07515,GREEN,(771) 442-1359,Male
Jeanette Morales,28,Somulet,43463,YELLOW,(215) 248-9945,Male
Darrell Medina,30,Hawzogcid,94648,WHITE,(324) 725-8575,Male
Pauline Nguyen,48,Kohmace,34073,WHITE,(977) 222-7125,Female
Esther Hamilton,49,Saliuwi,14054,GREEN,(614) 331-2994,Female
Owen Fisher,40,Babsoka,40624,BLUE,(357) 292-2016,Female
Vincent Osborne,65,Kejowerir,42263,YELLOW,(915) 557-6799,Female
Patrick Wood,57,Ucufelho,06823,WHITE,(613) 910-4516,Female
Maud Schmidt,63,Ciweus,80136,WHITE,(909) 319-9947,Male
Henry Franklin,42,Guhwawir,11580,BLUE,(222) 316-5407,Female
Dylan Jensen,50,Fawouz,37251,GREEN,(319) 739-4456,Female
Rosalie Perry,31,Zahiget,61412,WHITE,(231) 670-3911,Male
Lida Armstrong,20,Corujel,55867,GREEN,(432) 689-3486,Male
Maud Harris,48,Ezzoduc,09210,WHITE,(481) 670-6283,Female
Mildred Moody,51,Tareoz,73493,GREEN,(560) 970-6978,Male
Marguerite Bush,52,Sosnolbu,62494,YELLOW,(414) 523-1466,Male
Bill Strickland,39,Zajavog,86899,BLUE,(402) 752-8994,Female
Laura Bowen,61,Ducevaezi,32407,RED,(413) 521-1986,Male
Ora Smith,34,Ufulemle,04942,RED,(932) 676-9786,Male
Angel Richards,45,Hobmamu,47758,WHITE,(330) 999-5143,Male
Elizabeth Freeman,38,Puwnafci,98937,BLUE,(438) 759-7401,Male
Terry Castillo,49,Lizziaji,32492,WHITE,(542) 596-5576,Male
Emilie Gonzales,57,Wepzowzuh,42039,BLUE,(219) 911-8050,Female
Rena Clarke,32,Opudehvav,99189,RED,(260) 341-5275,Female
Verna Henderson,59,Piajlaf,66111,BLUE,(940) 240-3424,Male
Elmer King,64,Ivowopib,23945,YELLOW,(341) 525-5562,Male
Austin Osborne,44,Rumaztel,45359,WHITE,(552) 220-7677,Male
Carrie French,46,Opimeova,71264,RED,(336) 994-8405,Female
Isabella Schmidt,61,Ictarsad,15684,RED,(584) 868-8016,Female
Charlotte Leonard,22,Newwiik,05149,RED,(977) 580-2868,Male
Blake Cruz,54,Acisobro,86497,RED,(702) 899-5846,Female
Louis McKenzie,46,Ekvidesi,50017,BLUE,(532) 707-2935,Male
Steven Gray,42,Kulhisvuh,63362,WHITE,(286) 633-3336,Female
Elsie Walters,21,Cahasnum,03119,YELLOW,(535) 510-6632,Female
Jessie Murphy,46,Viorgi,42803,GREEN,(640) 767-6250,Male
Miguel Reeves,44,Ratakad,44013,RED,(920) 247-7364,Male
Jimmy Evans,58,Afbojkeb,46584,BLUE,(238) 292-7291,Female
Keith Huff,38,Deozil,05952,WHITE,(423) 748-6494,Female
Ray Barton,48,Isofafroj,66486,BLUE,(772) 648-5704,Male
Mark Estrada,34,Cotirpi,30144,RED,(360) 296-5663,Male
Bryan Phelps,50,Hahudte,85661,BLUE,(356) 376-2119,Female
Jean Haynes,45,Owufedit,78419,WHITE,(434) 619-6144,Male
Don Haynes,39,Puchajlo,89315,WHITE,(967) 634-7454,Male
Mike Owens,56,Cetpozwu,08172,RED,(588) 844-5751,Female
Keith Ingram,40,Iwgifwed,25901,RED,(306) 855-2307,Female
Andrew Wilson,23,Nifeot,63009,BLUE,(617) 211-5184,Female
Gary Ross,23,Witgima,03554,BLUE,(527) 758-1410,Female
Gary Miles,56,Tesibbaf,64218,GREEN,(667) 272-7398,Male
Bernice Carson,34,Notuhzog,70663,RED,(704) 661-9564,Female
Adele Griffin,42,Jodecu,36883,WHITE,(756) 790-9969,Male
Gordon Gregory,41,Onasitka,92091,RED,(234) 480-5152,Female
Rhoda Curry,25,Bicisceb,99404,RED,(815) 207-9656,Female
Sophia Newton,37,Gobarcaz,68742,BLUE,(453) 571-5231,Male
Ralph Copeland,31,Heonatif,83877,WHITE,(817) 362-3783,Male
Wesley Erickson,46,Dazuhal,89728,RED,(829) 419-6431,Female
